dataset_name,query,taxonomy_level,scientific_name,common_name,taxonomy_string,kingdom,phylum,subphylum,superclass,class,subclass,infraclass,superorder,order,suborder,infraorder,superfamily,family,subfamily,tribe,genus,subgenus,species,subspecies,variety
WCS Camera Traps,acryllium vulturinum,species,acryllium vulturinum,vulturine guineafowl,"[(1449, 'species', 'acryllium vulturinum', ['vulturine guineafowl']), (1448, 'genus', 'acryllium', []), (1426, 'family', 'numididae', ['guineafowl']), (573, 'order', 'galliformes', ['landfowl']), (3, 'class', 'aves', ['birds']), (355675, 'subphylum', 'vertebrata', ['vertebrates']), (2, 'phylum', 'chordata', ['chordates']), (1, 'kingdom', 'animalia', ['animals']), (48460, 'stateofmatter', 'life', [])]",animalia,chordata,vertebrata,,aves,,,,galliformes,,,,numididae,,,acryllium,,acryllium vulturinum,,
WCS Camera Traps,aepyceros melampus,species,aepyceros melampus,impala,"[(42278, 'species', 'aepyceros melampus', ['impala']), (42277, 'genus', 'aepyceros', []), (846298, 'tribe', 'aepycerotini', ['impalas']), (568847, 'subfamily', 'antilopinae', ['antelopes, goats, and sheep']), (42241, 'family', 'bovidae', ['bovids']), (424850, 'suborder', 'ruminantia', ['ruminants']), (152870, 'order', 'artiodactyla', ['even-toed ungulates and cetaceans']), (848324, 'superorder', 'laurasiatheria', ['ungulates, carnivorans, and allies']), (848320, 'infraclass', 'placentalia', ['placental mammals']), (848317, 'subclass', 'theria', ['therians']), (40151, 'class', 'mammalia', ['mammals']), (355675, 'subphylum', 'vertebrata', ['vertebrates']), (2, 'phylum', 'chordata', ['chordates']), (1, 'kingdom', 'animalia', ['animals']), (48460, 'stateofmatter', 'life', [])]",animalia,chordata,vertebrata,,mammalia,theria,placentalia,laurasiatheria,artiodactyla,ruminantia,,,bovidae,antilopinae,aepycerotini,aepyceros,,aepyceros melampus,,
WCS Camera Traps,agouti paca,species,cuniculus paca,lowland paca,"[(74257, 'species', 'cuniculus paca', ['spotted paca']), (71836, 'genus', 'cuniculus', ['pacas']), (71388, 'family', 'cuniculidae', ['pacas']), (870769, 'superfamily', 'cavioidea', ['cavies, agoutis, and pacas']), (870767, 'infraorder', 'hystricognathi', ['hystricognaths']), (870765, 'suborder', 'hystricomorpha', ['ctenohystricans']), (43698, 'order', 'rodentia', ['rodents']), (848323, 'superorder', 'euarchontoglires', ['primates, rodents, and allies']), (848320, 'infraclass', 'placentalia', ['placental mammals']), (848317, 'subclass', 'theria', ['therians']), (40151, 'class', 'mammalia', ['mammals']), (355675, 'subphylum', 'vertebrata', ['vertebrates']), (2, 'phylum', 'chordata', ['chordates']), (1, 'kingdom', 'animalia', ['animals']), (48460, 'stateofmatter', 'life', [])]",animalia,chordata,vertebrata,,mammalia,theria,placentalia,euarchontoglires,rodentia,hystricomorpha,hystricognathi,cavioidea,cuniculidae,,,cuniculus,,cuniculus paca,,
WCS Camera Traps,argusianus argus,species,argusianus argus,great argus,"[(144264, 'species', 'argusianus argus', ['great argus']), (1232, 'genus', 'argusianus', []), (574, 'family', 'phasianidae', ['pheasants, grouse, and allies']), (573, 'order', 'galliformes', ['landfowl']), (3, 'class', 'aves', ['birds']), (355675, 'subphylum', 'vertebrata', ['vertebrates']), (2, 'phylum', 'chordata', ['chordates']), (1, 'kingdom', 'animalia', ['animals']), (48460, 'stateofmatter', 'life', [])]",animalia,chordata,vertebrata,,aves,,,,galliformes,,,,phasianidae,,,argusianus,,argusianus argus,,
WCS Camera Traps,atherurus africanus,species,atherurus africanus,african brush-tailed porcupine,"[(44181, 'species', 'atherurus africanus', ['african brush-tailed porcupine']), (44179, 'genus', 'atherurus', ['brush-tailed porcupines']), (44167, 'family', 'hystricidae', ['old world porcupines']), (870767, 'infraorder', 'hystricognathi', ['hystricognaths']), (870765, 'suborder', 'hystricomorpha', ['ctenohystricans']), (43698, 'order', 'rodentia', ['rodents']), (848323, 'superorder', 'euarchontoglires', ['primates, rodents, and allies']), (848320, 'infraclass', 'placentalia', ['placental mammals']), (848317, 'subclass', 'theria', ['therians']), (40151, 'class', 'mammalia', ['mammals']), (355675, 'subphylum', 'vertebrata', ['vertebrates']), (2, 'phylum', 'chordata', ['chordates']), (1, 'kingdom', 'animalia', ['animals']), (48460, 'stateofmatter', 'life', [])]",animalia,chordata,vertebrata,,mammalia,theria,placentalia,euarchontoglires,rodentia,hystricomorpha,hystricognathi,,hystricidae,,,atherurus,,atherurus africanus,,
WCS Camera Traps,ave desconocida,class,aves,bird,"[(3, 'class', 'aves', ['birds']), (355675, 'subphylum', 'vertebrata', ['vertebrates']), (2, 'phylum', 'chordata', ['chordates']), (1, 'kingdom', 'animalia', ['animals']), (48460, 'stateofmatter', 'life', [])]",animalia,chordata,vertebrata,,aves,,,,,,,,,,,,,,,
WCS Camera Traps,bos taurus,species,bos taurus,domestic cattle,"[(74113, 'species', 'bos taurus', ['domestic cow']), (42396, 'genus', 'bos', ['cattle']), (846321, 'tribe', 'bovini', ['cattle and bison']), (568826, 'subfamily', 'bovinae', ['bovines']), (42241, 'family', 'bovidae', ['bovids']), (424850, 'suborder', 'ruminantia', ['ruminants']), (152870, 'order', 'artiodactyla', ['even-toed ungulates and cetaceans']), (848324, 'superorder', 'laurasiatheria', ['ungulates, carnivorans, and allies']), (848320, 'infraclass', 'placentalia', ['placental mammals']), (848317, 'subclass', 'theria', ['therians']), (40151, 'class', 'mammalia', ['mammals']), (355675, 'subphylum', 'vertebrata', ['vertebrates']), (2, 'phylum', 'chordata', ['chordates']), (1, 'kingdom', 'animalia', ['animals']), (48460, 'stateofmatter', 'life', [])]",animalia,chordata,vertebrata,,mammalia,theria,placentalia,laurasiatheria,artiodactyla,ruminantia,,,bovidae,bovinae,bovini,bos,,bos taurus,,
WCS Camera Traps,camelus dromedarius,species,camelus dromedarius,dromedary camel,"[(81542, 'species', 'camelus dromedarius', ['dromedary camel']), (42232, 'genus', 'camelus', ['camels']), (846209, 'tribe', 'camelini', ['camels']), (1317268, 'subfamily', 'camelinae', []), (42231, 'family', 'camelidae', ['camelids']), (925150, 'suborder', 'tylopoda', ['tylopodans']), (152870, 'order', 'artiodactyla', ['even-toed ungulates and cetaceans']), (848324, 'superorder', 'laurasiatheria', ['ungulates, carnivorans, and allies']), (848320, 'infraclass', 'placentalia', ['placental mammals']), (848317, 'subclass', 'theria', ['therians']), (40151, 'class', 'mammalia', ['mammals']), (355675, 'subphylum', 'vertebrata', ['vertebrates']), (2, 'phylum', 'chordata', ['chordates']), (1, 'kingdom', 'animalia', ['animals']), (48460, 'stateofmatter', 'life', [])]",animalia,chordata,vertebrata,,mammalia,theria,placentalia,laurasiatheria,artiodactyla,tylopoda,,,camelidae,camelinae,camelini,camelus,,camelus dromedarius,,
WCS Camera Traps,capra aegagrus,species,capra aegagrus,wild goat,"[(74139, 'species', 'capra aegagrus', ['wild goat']), (42348, 'genus', 'capra', ['goats']), (846307, 'tribe', 'caprini', ['goats and sheep']), (568847, 'subfamily', 'antilopinae', ['antelopes, goats, and sheep']), (42241, 'family', 'bovidae', ['bovids']), (424850, 'suborder', 'ruminantia', ['ruminants']), (152870, 'order', 'artiodactyla', ['even-toed ungulates and cetaceans']), (848324, 'superorder', 'laurasiatheria', ['ungulates, carnivorans, and allies']), (848320, 'infraclass', 'placentalia', ['placental mammals']), (848317, 'subclass', 'theria', ['therians']), (40151, 'class', 'mammalia', ['mammals']), (355675, 'subphylum', 'vertebrata', ['vertebrates']), (2, 'phylum', 'chordata', ['chordates']), (1, 'kingdom', 'animalia', ['animals']), (48460, 'stateofmatter', 'life', [])]",animalia,chordata,vertebrata,,mammalia,theria,placentalia,laurasiatheria,artiodactyla,ruminantia,,,bovidae,antilopinae,caprini,capra,,capra aegagrus,,
WCS Camera Traps,capricornis sumatraensis,species,capricornis sumatraensis,southern serow,"[(74143, 'species', 'capricornis sumatraensis', ['mainland serow']), (71824, 'genus', 'capricornis', ['serows']), (846307, 'tribe', 'caprini', ['goats and sheep']), (568847, 'subfamily', 'antilopinae', ['antelopes, goats, and sheep']), (42241, 'family', 'bovidae', ['bovids']), (424850, 'suborder', 'ruminantia', ['ruminants']), (152870, 'order', 'artiodactyla', ['even-toed ungulates and cetaceans']), (848324, 'superorder', 'laurasiatheria', ['ungulates, carnivorans, and allies']), (848320, 'infraclass', 'placentalia', ['placental mammals']), (848317, 'subclass', 'theria', ['therians']), (40151, 'class', 'mammalia', ['mammals']), (355675, 'subphylum', 'vertebrata', ['vertebrates']), (2, 'phylum', 'chordata', ['chordates']), (1, 'kingdom', 'animalia', ['animals']), (48460, 'stateofmatter', 'life', [])]",animalia,chordata,vertebrata,,mammalia,theria,placentalia,laurasiatheria,artiodactyla,ruminantia,,,bovidae,antilopinae,caprini,capricornis,,capricornis sumatraensis,,
WCS Camera Traps,cephalophus nigrifrons,species,cephalophus nigrifrons,black-fronted duiker,"[(42297, 'species', 'cephalophus nigrifrons', ['black-fronted duiker']), (42284, 'genus', 'cephalophus', ['forest duikers']), (846333, 'tribe', 'cephalophini', ['duikers']), (568847, 'subfamily', 'antilopinae', ['antelopes, goats, and sheep']), (42241, 'family', 'bovidae', ['bovids']), (424850, 'suborder', 'ruminantia', ['ruminants']), (152870, 'order', 'artiodactyla', ['even-toed ungulates and cetaceans']), (848324, 'superorder', 'laurasiatheria', ['ungulates, carnivorans, and allies']), (848320, 'infraclass', 'placentalia', ['placental mammals']), (848317, 'subclass', 'theria', ['therians']), (40151, 'class', 'mammalia', ['mammals']), (355675, 'subphylum', 'vertebrata', ['vertebrates']), (2, 'phylum', 'chordata', ['chordates']), (1, 'kingdom', 'animalia', ['animals']), (48460, 'stateofmatter', 'life', [])]",animalia,chordata,vertebrata,,mammalia,theria,placentalia,laurasiatheria,artiodactyla,ruminantia,,,bovidae,antilopinae,cephalophini,cephalophus,,cephalophus nigrifrons,,
WCS Camera Traps,cephalophus silvicultor,species,cephalophus silvicultor,light-backed duiker,"[(42294, 'species', 'cephalophus silvicultor', ['light-backed duiker']), (42284, 'genus', 'cephalophus', ['forest duikers']), (846333, 'tribe', 'cephalophini', ['duikers']), (568847, 'subfamily', 'antilopinae', ['antelopes, goats, and sheep']), (42241, 'family', 'bovidae', ['bovids']), (424850, 'suborder', 'ruminantia', ['ruminants']), (152870, 'order', 'artiodactyla', ['even-toed ungulates and cetaceans']), (848324, 'superorder', 'laurasiatheria', ['ungulates, carnivorans, and allies']), (848320, 'infraclass', 'placentalia', ['placental mammals']), (848317, 'subclass', 'theria', ['therians']), (40151, 'class', 'mammalia', ['mammals']), (355675, 'subphylum', 'vertebrata', ['vertebrates']), (2, 'phylum', 'chordata', ['chordates']), (1, 'kingdom', 'animalia', ['animals']), (48460, 'stateofmatter', 'life', [])]",animalia,chordata,vertebrata,,mammalia,theria,placentalia,laurasiatheria,artiodactyla,ruminantia,,,bovidae,antilopinae,cephalophini,cephalophus,,cephalophus silvicultor,,
WCS Camera Traps,cercopithecus lhoesti,species,allochrocebus lhoesti,l'hoest's monkey,"[(566540, 'species', 'allochrocebus lhoesti', [""l'hoest's monkey""]), (334559, 'genus', 'allochrocebus', ['terrestrial guenons']), (846302, 'tribe', 'cercopithecini', ['guenons, vervet monkeys, and talapoins']), (479424, 'subfamily', 'cercopithecinae', ['cercopithecines']), (43443, 'family', 'cercopithecidae', ['old world monkeys']), (936369, 'parvorder', 'catarrhini', ['apes and old world monkeys']), (936377, 'infraorder', 'simiiformes', ['monkeys and apes']), (786045, 'suborder', 'haplorhini', ['monkeys, apes, and tarsiers']), (43367, 'order', 'primates', ['primates']), (848323, 'superorder', 'euarchontoglires', ['primates, rodents, and allies']), (848320, 'infraclass', 'placentalia', ['placental mammals']), (848317, 'subclass', 'theria', ['therians']), (40151, 'class', 'mammalia', ['mammals']), (355675, 'subphylum', 'vertebrata', ['vertebrates']), (2, 'phylum', 'chordata', ['chordates']), (1, 'kingdom', 'animalia', ['animals']), (48460, 'stateofmatter', 'life', [])]",animalia,chordata,vertebrata,,mammalia,theria,placentalia,euarchontoglires,primates,haplorhini,simiiformes,,cercopithecidae,cercopithecinae,cercopithecini,allochrocebus,,allochrocebus lhoesti,,
WCS Camera Traps,claravis pretiosa,species,claravis pretiosa,blue ground-dove,"[(2998, 'species', 'claravis pretiosa', ['blue ground dove']), (979854, 'genus', 'claravis', []), (2715, 'family', 'columbidae', ['pigeons and doves']), (2708, 'order', 'columbiformes', ['pigeons and doves']), (3, 'class', 'aves', ['birds']), (355675, 'subphylum', 'vertebrata', ['vertebrates']), (2, 'phylum', 'chordata', ['chordates']), (1, 'kingdom', 'animalia', ['animals']), (48460, 'stateofmatter', 'life', [])]",animalia,chordata,vertebrata,,aves,,,,columbiformes,,,,columbidae,,,claravis,,claravis pretiosa,,
WCS Camera Traps,crax rubra,species,crax rubra,great curassow,"[(2052, 'species', 'crax rubra', ['great curassow']), (2044, 'genus', 'crax', ['crested curassows']), (2043, 'family', 'cracidae', ['guans, chachalacas, and curassows']), (573, 'order', 'galliformes', ['landfowl']), (3, 'class', 'aves', ['birds']), (355675, 'subphylum', 'vertebrata', ['vertebrates']), (2, 'phylum', 'chordata', ['chordates']), (1, 'kingdom', 'animalia', ['animals']), (48460, 'stateofmatter', 'life', [])]",animalia,chordata,vertebrata,,aves,,,,galliformes,,,,cracidae,,,crax,,crax rubra,,
WCS Camera Traps,cricetomys gambianus,species,cricetomys gambianus,african giant pouched rat,"[(44512, 'species', 'cricetomys gambianus', ['african giant pouched rat']), (44511, 'genus', 'cricetomys', ['giant pouched rats']), (846200, 'subfamily', 'cricetomyinae', ['pouched mice and rats']), (71382, 'family', 'nesomyidae', ['nesomyids']), (488924, 'superfamily', 'muroidea', ['muroids']), (870778, 'suborder', 'myomorpha', ['mice, rats, and hamsters']), (43698, 'order', 'rodentia', ['rodents']), (848323, 'superorder', 'euarchontoglires', ['primates, rodents, and allies']), (848320, 'infraclass', 'placentalia', ['placental mammals']), (848317, 'subclass', 'theria', ['therians']), (40151, 'class', 'mammalia', ['mammals']), (355675, 'subphylum', 'vertebrata', ['vertebrates']), (2, 'phylum', 'chordata', ['chordates']), (1, 'kingdom', 'animalia', ['animals']), (48460, 'stateofmatter', 'life', [])]",animalia,chordata,vertebrata,,mammalia,theria,placentalia,euarchontoglires,rodentia,myomorpha,,muroidea,nesomyidae,cricetomyinae,,cricetomys,,cricetomys gambianus,,
WCS Camera Traps,crocuta crocuta,species,crocuta crocuta,spotted hyena,"[(41886, 'species', 'crocuta crocuta', ['spotted hyena']), (41885, 'genus', 'crocuta', []), (846226, 'subfamily', 'hyaeninae', ['bone-cracking hyenas']), (41884, 'family', 'hyaenidae', ['hyenas']), (41573, 'order', 'carnivora', ['carnivorans']), (848324, 'superorder', 'laurasiatheria', ['ungulates, carnivorans, and allies']), (848320, 'infraclass', 'placentalia', ['placental mammals']), (848317, 'subclass', 'theria', ['therians']), (40151, 'class', 'mammalia', ['mammals']), (355675, 'subphylum', 'vertebrata', ['vertebrates']), (2, 'phylum', 'chordata', ['chordates']), (1, 'kingdom', 'animalia', ['animals']), (48460, 'stateofmatter', 'life', [])]",animalia,chordata,vertebrata,,mammalia,theria,placentalia,laurasiatheria,carnivora,,,,hyaenidae,hyaeninae,,crocuta,,crocuta crocuta,,
WCS Camera Traps,dasyprocta punctata,species,dasyprocta punctata,central american agouti,"[(43712, 'species', 'dasyprocta punctata', ['central american agouti']), (43711, 'genus', 'dasyprocta', ['agoutis']), (71389, 'family', 'dasyproctidae', ['agoutis and acouchis']), (870769, 'superfamily', 'cavioidea', ['cavies, agoutis, and pacas']), (870767, 'infraorder', 'hystricognathi', ['hystricognaths']), (870765, 'suborder', 'hystricomorpha', ['ctenohystricans']), (43698, 'order', 'rodentia', ['rodents']), (848323, 'superorder', 'euarchontoglires', ['primates, rodents, and allies']), (848320, 'infraclass', 'placentalia', ['placental mammals']), (848317, 'subclass', 'theria', ['therians']), (40151, 'class', 'mammalia', ['mammals']), (355675, 'subphylum', 'vertebrata', ['vertebrates']), (2, 'phylum', 'chordata', ['chordates']), (1, 'kingdom', 'animalia', ['animals']), (48460, 'stateofmatter', 'life', [])]",animalia,chordata,vertebrata,,mammalia,theria,placentalia,euarchontoglires,rodentia,hystricomorpha,hystricognathi,cavioidea,dasyproctidae,,,dasyprocta,,dasyprocta punctata,,
WCS Camera Traps,didelphis sp,genus,didelphis,american opossums,"[(42646, 'genus', 'didelphis', ['large american opossums']), (846338, 'tribe', 'didelphini', ['large new world opossums']), (846215, 'subfamily', 'didelphinae', ['large american opossums, mouse opossums, and allies']), (42541, 'family', 'didelphidae', ['opossums']), (42540, 'order', 'didelphimorphia', ['opossums']), (848319, 'infraclass', 'marsupialia', ['marsupials']), (848317, 'subclass', 'theria', ['therians']), (40151, 'class', 'mammalia', ['mammals']), (355675, 'subphylum', 'vertebrata', ['vertebrates']), (2, 'phylum', 'chordata', ['chordates']), (1, 'kingdom', 'animalia', ['animals']), (48460, 'stateofmatter', 'life', [])]",animalia,chordata,vertebrata,,mammalia,theria,marsupialia,,didelphimorphia,,,,didelphidae,didelphinae,didelphini,didelphis,,,,
WCS Camera Traps,eira barbara,species,eira barbara,tayra,"[(41774, 'species', 'eira barbara', ['tayra']), (41773, 'genus', 'eira', []), (846241, 'subfamily', 'guloninae', ['wolverines, martens, and tayras']), (41770, 'family', 'mustelidae', ['mustelids']), (41573, 'order', 'carnivora', ['carnivorans']), (848324, 'superorder', 'laurasiatheria', ['ungulates, carnivorans, and allies']), (848320, 'infraclass', 'placentalia', ['placental mammals']), (848317, 'subclass', 'theria', ['therians']), (40151, 'class', 'mammalia', ['mammals']), (355675, 'subphylum', 'vertebrata', ['vertebrates']), (2, 'phylum', 'chordata', ['chordates']), (1, 'kingdom', 'animalia', ['animals']), (48460, 'stateofmatter', 'life', [])]",animalia,chordata,vertebrata,,mammalia,theria,placentalia,laurasiatheria,carnivora,,,,mustelidae,guloninae,,eira,,eira barbara,,
WCS Camera Traps,equus ferus,species,equus ferus,wild horse,"[(62629, 'species', 'equus ferus', ['wild horse']), (43329, 'genus', 'equus', ['equines']), (43328, 'family', 'equidae', ['equines']), (43327, 'order', 'perissodactyla', ['odd-toed ungulates']), (848324, 'superorder', 'laurasiatheria', ['ungulates, carnivorans, and allies']), (848320, 'infraclass', 'placentalia', ['placental mammals']), (848317, 'subclass', 'theria', ['therians']), (40151, 'class', 'mammalia', ['mammals']), (355675, 'subphylum', 'vertebrata', ['vertebrates']), (2, 'phylum', 'chordata', ['chordates']), (1, 'kingdom', 'animalia', ['animals']), (48460, 'stateofmatter', 'life', [])]",animalia,chordata,vertebrata,,mammalia,theria,placentalia,laurasiatheria,perissodactyla,,,,equidae,,,equus,,equus ferus,,
WCS Camera Traps,equus grevyi,species,equus grevyi,grévy's zebra,"[(43339, 'species', 'equus grevyi', [""grévy's zebra""]), (43329, 'genus', 'equus', ['equines']), (43328, 'family', 'equidae', ['equines']), (43327, 'order', 'perissodactyla', ['odd-toed ungulates']), (848324, 'superorder', 'laurasiatheria', ['ungulates, carnivorans, and allies']), (848320, 'infraclass', 'placentalia', ['placental mammals']), (848317, 'subclass', 'theria', ['therians']), (40151, 'class', 'mammalia', ['mammals']), (355675, 'subphylum', 'vertebrata', ['vertebrates']), (2, 'phylum', 'chordata', ['chordates']), (1, 'kingdom', 'animalia', ['animals']), (48460, 'stateofmatter', 'life', [])]",animalia,chordata,vertebrata,,mammalia,theria,placentalia,laurasiatheria,perissodactyla,,,,equidae,,,equus,,equus grevyi,,
WCS Camera Traps,equus quagga,species,equus quagga,plains zebra,"[(43335, 'species', 'equus quagga', ['plains zebra']), (43329, 'genus', 'equus', ['equines']), (43328, 'family', 'equidae', ['equines']), (43327, 'order', 'perissodactyla', ['odd-toed ungulates']), (848324, 'superorder', 'laurasiatheria', ['ungulates, carnivorans, and allies']), (848320, 'infraclass', 'placentalia', ['placental mammals']), (848317, 'subclass', 'theria', ['therians']), (40151, 'class', 'mammalia', ['mammals']), (355675, 'subphylum', 'vertebrata', ['vertebrates']), (2, 'phylum', 'chordata', ['chordates']), (1, 'kingdom', 'animalia', ['animals']), (48460, 'stateofmatter', 'life', [])]",animalia,chordata,vertebrata,,mammalia,theria,placentalia,laurasiatheria,perissodactyla,,,,equidae,,,equus,,equus quagga,,
WCS Camera Traps,francolinus nobilis,species,pternistis nobilis,handsome francolin,"[(495932, 'species', 'pternistis nobilis', ['handsome francolin']), (343747, 'genus', 'pternistis', ['african spurfowl']), (574, 'family', 'phasianidae', ['pheasants, grouse, and allies']), (573, 'order', 'galliformes', ['landfowl']), (3, 'class', 'aves', ['birds']), (355675, 'subphylum', 'vertebrata', ['vertebrates']), (2, 'phylum', 'chordata', ['chordates']), (1, 'kingdom', 'animalia', ['animals']), (48460, 'stateofmatter', 'life', [])]",animalia,chordata,vertebrata,,aves,,,,galliformes,,,,phasianidae,,,pternistis,,pternistis nobilis,,
WCS Camera Traps,funisciurus carruthersi,species,funisciurus carruthersi,carruther's mountain squirrel,"[(45962, 'species', 'funisciurus carruthersi', [""carruther's mountain squirrel""]), (45956, 'genus', 'funisciurus', ['rope squirrels']), (339573, 'tribe', 'protoxerini', ['african tree squirrels']), (339572, 'subfamily', 'xerinae', ['ground and african tree squirrels']), (45933, 'family', 'sciuridae', ['squirrels']), (129411, 'suborder', 'sciuromorpha', ['squirrels, dormice, and mountain beavers']), (43698, 'order', 'rodentia', ['rodents']), (848323, 'superorder', 'euarchontoglires', ['primates, rodents, and allies']), (848320, 'infraclass', 'placentalia', ['placental mammals']), (848317, 'subclass', 'theria', ['therians']), (40151, 'class', 'mammalia', ['mammals']), (355675, 'subphylum', 'vertebrata', ['vertebrates']), (2, 'phylum', 'chordata', ['chordates']), (1, 'kingdom', 'animalia', ['animals']), (48460, 'stateofmatter', 'life', [])]",animalia,chordata,vertebrata,,mammalia,theria,placentalia,euarchontoglires,rodentia,sciuromorpha,,,sciuridae,xerinae,protoxerini,funisciurus,,funisciurus carruthersi,,
WCS Camera Traps,geotrygon montana,species,geotrygon montana,ruddy quail-dove,"[(3503, 'species', 'geotrygon montana', ['ruddy quail-dove']), (3493, 'genus', 'geotrygon', ['geotrygon quail-doves']), (2715, 'family', 'columbidae', ['pigeons and doves']), (2708, 'order', 'columbiformes', ['pigeons and doves']), (3, 'class', 'aves', ['birds']), (355675, 'subphylum', 'vertebrata', ['vertebrates']), (2, 'phylum', 'chordata', ['chordates']), (1, 'kingdom', 'animalia', ['animals']), (48460, 'stateofmatter', 'life', [])]",animalia,chordata,vertebrata,,aves,,,,columbiformes,,,,columbidae,,,geotrygon,,geotrygon montana,,
WCS Camera Traps,giraffa camelopardalis,species,giraffa camelopardalis,giraffe,"[(42157, 'species', 'giraffa camelopardalis', ['giraffe']), (42156, 'genus', 'giraffa', []), (42153, 'family', 'giraffidae', ['giraffes and okapi']), (424850, 'suborder', 'ruminantia', ['ruminants']), (152870, 'order', 'artiodactyla', ['even-toed ungulates and cetaceans']), (848324, 'superorder', 'laurasiatheria', ['ungulates, carnivorans, and allies']), (848320, 'infraclass', 'placentalia', ['placental mammals']), (848317, 'subclass', 'theria', ['therians']), (40151, 'class', 'mammalia', ['mammals']), (355675, 'subphylum', 'vertebrata', ['vertebrates']), (2, 'phylum', 'chordata', ['chordates']), (1, 'kingdom', 'animalia', ['animals']), (48460, 'stateofmatter', 'life', [])]",animalia,chordata,vertebrata,,mammalia,theria,placentalia,laurasiatheria,artiodactyla,ruminantia,,,giraffidae,,,giraffa,,giraffa camelopardalis,,
WCS Camera Traps,helarctos malayanus,species,helarctos malayanus,sun bear,"[(41655, 'species', 'helarctos malayanus', ['sun bear']), (41654, 'genus', 'helarctos', []), (846255, 'subfamily', 'ursinae', ['typical bears']), (41636, 'family', 'ursidae', ['bears']), (41573, 'order', 'carnivora', ['carnivorans']), (848324, 'superorder', 'laurasiatheria', ['ungulates, carnivorans, and allies']), (848320, 'infraclass', 'placentalia', ['placental mammals']), (848317, 'subclass', 'theria', ['therians']), (40151, 'class', 'mammalia', ['mammals']), (355675, 'subphylum', 'vertebrata', ['vertebrates']), (2, 'phylum', 'chordata', ['chordates']), (1, 'kingdom', 'animalia', ['animals']), (48460, 'stateofmatter', 'life', [])]",animalia,chordata,vertebrata,,mammalia,theria,placentalia,laurasiatheria,carnivora,,,,ursidae,ursinae,,helarctos,,helarctos malayanus,,
WCS Camera Traps,hystrix brachyura,species,hystrix brachyura,east asian porcupine,"[(44172, 'species', 'hystrix brachyura', ['east asian porcupine']), (44168, 'genus', 'hystrix', ['crested porcupines and allies']), (44167, 'family', 'hystricidae', ['old world porcupines']), (870767, 'infraorder', 'hystricognathi', ['hystricognaths']), (870765, 'suborder', 'hystricomorpha', ['ctenohystricans']), (43698, 'order', 'rodentia', ['rodents']), (848323, 'superorder', 'euarchontoglires', ['primates, rodents, and allies']), (848320, 'infraclass', 'placentalia', ['placental mammals']), (848317, 'subclass', 'theria', ['therians']), (40151, 'class', 'mammalia', ['mammals']), (355675, 'subphylum', 'vertebrata', ['vertebrates']), (2, 'phylum', 'chordata', ['chordates']), (1, 'kingdom', 'animalia', ['animals']), (48460, 'stateofmatter', 'life', [])]",animalia,chordata,vertebrata,,mammalia,theria,placentalia,euarchontoglires,rodentia,hystricomorpha,hystricognathi,,hystricidae,,,hystrix,,hystrix brachyura,,
WCS Camera Traps,leopardus pardalis,species,leopardus pardalis,ocelot,"[(41997, 'species', 'leopardus pardalis', ['ocelot']), (41986, 'genus', 'leopardus', ['american small cats']), (846179, 'subfamily', 'felinae', ['small cats']), (41944, 'family', 'felidae', ['felids']), (41573, 'order', 'carnivora', ['carnivorans']), (848324, 'superorder', 'laurasiatheria', ['ungulates, carnivorans, and allies']), (848320, 'infraclass', 'placentalia', ['placental mammals']), (848317, 'subclass', 'theria', ['therians']), (40151, 'class', 'mammalia', ['mammals']), (355675, 'subphylum', 'vertebrata', ['vertebrates']), (2, 'phylum', 'chordata', ['chordates']), (1, 'kingdom', 'animalia', ['animals']), (48460, 'stateofmatter', 'life', [])]",animalia,chordata,vertebrata,,mammalia,theria,placentalia,laurasiatheria,carnivora,,,,felidae,felinae,,leopardus,,leopardus pardalis,,
WCS Camera Traps,leopardus wiedii,species,leopardus wiedii,margay,"[(41988, 'species', 'leopardus wiedii', ['margay']), (41986, 'genus', 'leopardus', ['american small cats']), (846179, 'subfamily', 'felinae', ['small cats']), (41944, 'family', 'felidae', ['felids']), (41573, 'order', 'carnivora', ['carnivorans']), (848324, 'superorder', 'laurasiatheria', ['ungulates, carnivorans, and allies']), (848320, 'infraclass', 'placentalia', ['placental mammals']), (848317, 'subclass', 'theria', ['therians']), (40151, 'class', 'mammalia', ['mammals']), (355675, 'subphylum', 'vertebrata', ['vertebrates']), (2, 'phylum', 'chordata', ['chordates']), (1, 'kingdom', 'animalia', ['animals']), (48460, 'stateofmatter', 'life', [])]",animalia,chordata,vertebrata,,mammalia,theria,placentalia,laurasiatheria,carnivora,,,,felidae,felinae,,leopardus,,leopardus wiedii,,
WCS Camera Traps,leptotila plumbeiceps,species,leptotila plumbeiceps,gray-headed dove,"[(3268, 'species', 'leptotila plumbeiceps', ['gray-headed dove']), (3267, 'genus', 'leptotila', ['leptotila doves']), (2715, 'family', 'columbidae', ['pigeons and doves']), (2708, 'order', 'columbiformes', ['pigeons and doves']), (3, 'class', 'aves', ['birds']), (355675, 'subphylum', 'vertebrata', ['vertebrates']), (2, 'phylum', 'chordata', ['chordates']), (1, 'kingdom', 'animalia', ['animals']), (48460, 'stateofmatter', 'life', [])]",animalia,chordata,vertebrata,,aves,,,,columbiformes,,,,columbidae,,,leptotila,,leptotila plumbeiceps,,
WCS Camera Traps,lepus saxatilis,species,lepus saxatilis,scrub hare,"[(43125, 'species', 'lepus saxatilis', ['scrub hare']), (43117, 'genus', 'lepus', ['hares and jackrabbits']), (43095, 'family', 'leporidae', ['hares and rabbits']), (43094, 'order', 'lagomorpha', ['lagomorphs']), (848323, 'superorder', 'euarchontoglires', ['primates, rodents, and allies']), (848320, 'infraclass', 'placentalia', ['placental mammals']), (848317, 'subclass', 'theria', ['therians']), (40151, 'class', 'mammalia', ['mammals']), (355675, 'subphylum', 'vertebrata', ['vertebrates']), (2, 'phylum', 'chordata', ['chordates']), (1, 'kingdom', 'animalia', ['animals']), (48460, 'stateofmatter', 'life', [])]",animalia,chordata,vertebrata,,mammalia,theria,placentalia,euarchontoglires,lagomorpha,,,,leporidae,,,lepus,,lepus saxatilis,,
WCS Camera Traps,loxodonta africana,species,loxodonta africana,african bush elephant,"[(43694, 'species', 'loxodonta africana', ['african bush elephant']), (43693, 'genus', 'loxodonta', ['african elephants']), (43692, 'family', 'elephantidae', ['elephants']), (43691, 'order', 'proboscidea', ['proboscideans']), (848321, 'superorder', 'afrotheria', ['afromammals']), (848320, 'infraclass', 'placentalia', ['placental mammals']), (848317, 'subclass', 'theria', ['therians']), (40151, 'class', 'mammalia', ['mammals']), (355675, 'subphylum', 'vertebrata', ['vertebrates']), (2, 'phylum', 'chordata', ['chordates']), (1, 'kingdom', 'animalia', ['animals']), (48460, 'stateofmatter', 'life', [])]",animalia,chordata,vertebrata,,mammalia,theria,placentalia,afrotheria,proboscidea,,,,elephantidae,,,loxodonta,,loxodonta africana,,
WCS Camera Traps,macaca nemestrina,species,macaca nemestrina,southern pig-tailed macaque,"[(43455, 'species', 'macaca nemestrina', ['southern pig-tailed macaque']), (43444, 'genus', 'macaca', ['macaques']), (846334, 'tribe', 'papionini', ['baboons, macaques, and mangabeys']), (479424, 'subfamily', 'cercopithecinae', ['cercopithecines']), (43443, 'family', 'cercopithecidae', ['old world monkeys']), (936369, 'parvorder', 'catarrhini', ['apes and old world monkeys']), (936377, 'infraorder', 'simiiformes', ['monkeys and apes']), (786045, 'suborder', 'haplorhini', ['monkeys, apes, and tarsiers']), (43367, 'order', 'primates', ['primates']), (848323, 'superorder', 'euarchontoglires', ['primates, rodents, and allies']), (848320, 'infraclass', 'placentalia', ['placental mammals']), (848317, 'subclass', 'theria', ['therians']), (40151, 'class', 'mammalia', ['mammals']), (355675, 'subphylum', 'vertebrata', ['vertebrates']), (2, 'phylum', 'chordata', ['chordates']), (1, 'kingdom', 'animalia', ['animals']), (48460, 'stateofmatter', 'life', [])]",animalia,chordata,vertebrata,,mammalia,theria,placentalia,euarchontoglires,primates,haplorhini,simiiformes,,cercopithecidae,cercopithecinae,papionini,macaca,,macaca nemestrina,,
WCS Camera Traps,macaca sp,genus,macaca,southern pig-tailed macaque,"[(43455, 'species', 'macaca nemestrina', ['southern pig-tailed macaque']), (43444, 'genus', 'macaca', ['macaques']), (846334, 'tribe', 'papionini', ['baboons, macaques, and mangabeys']), (479424, 'subfamily', 'cercopithecinae', ['cercopithecines']), (43443, 'family', 'cercopithecidae', ['old world monkeys']), (936369, 'parvorder', 'catarrhini', ['apes and old world monkeys']), (936377, 'infraorder', 'simiiformes', ['monkeys and apes']), (786045, 'suborder', 'haplorhini', ['monkeys, apes, and tarsiers']), (43367, 'order', 'primates', ['primates']), (848323, 'superorder', 'euarchontoglires', ['primates, rodents, and allies']), (848320, 'infraclass', 'placentalia', ['placental mammals']), (848317, 'subclass', 'theria', ['therians']), (40151, 'class', 'mammalia', ['mammals']), (355675, 'subphylum', 'vertebrata', ['vertebrates']), (2, 'phylum', 'chordata', ['chordates']), (1, 'kingdom', 'animalia', ['animals']), (48460, 'stateofmatter', 'life', [])]",animalia,chordata,vertebrata,,mammalia,theria,placentalia,euarchontoglires,primates,haplorhini,simiiformes,,cercopithecidae,cercopithecinae,papionini,macaca,,,,
WCS Camera Traps,madoqua guentheri,species,madoqua guentheri,günther's dik-dik,"[(42359, 'species', 'madoqua guentheri', [""günther's dik-dik""]), (42358, 'genus', 'madoqua', ['dik-diks']), (846306, 'tribe', 'antilopini', ['typical antelopes']), (568847, 'subfamily', 'antilopinae', ['antelopes, goats, and sheep']), (42241, 'family', 'bovidae', ['bovids']), (424850, 'suborder', 'ruminantia', ['ruminants']), (152870, 'order', 'artiodactyla', ['even-toed ungulates and cetaceans']), (848324, 'superorder', 'laurasiatheria', ['ungulates, carnivorans, and allies']), (848320, 'infraclass', 'placentalia', ['placental mammals']), (848317, 'subclass', 'theria', ['therians']), (40151, 'class', 'mammalia', ['mammals']), (355675, 'subphylum', 'vertebrata', ['vertebrates']), (2, 'phylum', 'chordata', ['chordates']), (1, 'kingdom', 'animalia', ['animals']), (48460, 'stateofmatter', 'life', [])]",animalia,chordata,vertebrata,,mammalia,theria,placentalia,laurasiatheria,artiodactyla,ruminantia,,,bovidae,antilopinae,antilopini,madoqua,,madoqua guentheri,,
WCS Camera Traps,mazama pandora,species,odocoileus pandora,yucatán brown brocket,"[(1368485, 'species', 'odocoileus pandora', ['yucatán brown brocket']), (42219, 'genus', 'odocoileus', ['white-tailed and mule deer']), (846324, 'tribe', 'odocoileini', ['true new world deer and caribou']), (846185, 'subfamily', 'capreolinae', ['new world deer']), (42158, 'family', 'cervidae', ['deer']), (424850, 'suborder', 'ruminantia', ['ruminants']), (152870, 'order', 'artiodactyla', ['even-toed ungulates and cetaceans']), (848324, 'superorder', 'laurasiatheria', ['ungulates, carnivorans, and allies']), (848320, 'infraclass', 'placentalia', ['placental mammals']), (848317, 'subclass', 'theria', ['therians']), (40151, 'class', 'mammalia', ['mammals']), (355675, 'subphylum', 'vertebrata', ['vertebrates']), (2, 'phylum', 'chordata', ['chordates']), (1, 'kingdom', 'animalia', ['animals']), (48460, 'stateofmatter', 'life', [])]",animalia,chordata,vertebrata,,mammalia,theria,placentalia,laurasiatheria,artiodactyla,ruminantia,,,cervidae,capreolinae,odocoileini,odocoileus,,odocoileus pandora,,
WCS Camera Traps,mazama temama,species,mazama temama,central american red brocket,"[(74555, 'species', 'mazama temama', ['central american red brocket']), (42172, 'genus', 'mazama', ['brockets']), (846324, 'tribe', 'odocoileini', ['true new world deer and caribou']), (846185, 'subfamily', 'capreolinae', ['new world deer']), (42158, 'family', 'cervidae', ['deer']), (424850, 'suborder', 'ruminantia', ['ruminants']), (152870, 'order', 'artiodactyla', ['even-toed ungulates and cetaceans']), (848324, 'superorder', 'laurasiatheria', ['ungulates, carnivorans, and allies']), (848320, 'infraclass', 'placentalia', ['placental mammals']), (848317, 'subclass', 'theria', ['therians']), (40151, 'class', 'mammalia', ['mammals']), (355675, 'subphylum', 'vertebrata', ['vertebrates']), (2, 'phylum', 'chordata', ['chordates']), (1, 'kingdom', 'animalia', ['animals']), (48460, 'stateofmatter', 'life', [])]",animalia,chordata,vertebrata,,mammalia,theria,placentalia,laurasiatheria,artiodactyla,ruminantia,,,cervidae,capreolinae,odocoileini,mazama,,mazama temama,,
WCS Camera Traps,meleagris ocellata,species,meleagris ocellata,ocellated turkey,"[(913, 'species', 'meleagris ocellata', ['ocellated turkey']), (905, 'genus', 'meleagris', ['turkeys']), (574, 'family', 'phasianidae', ['pheasants, grouse, and allies']), (573, 'order', 'galliformes', ['landfowl']), (3, 'class', 'aves', ['birds']), (355675, 'subphylum', 'vertebrata', ['vertebrates']), (2, 'phylum', 'chordata', ['chordates']), (1, 'kingdom', 'animalia', ['animals']), (48460, 'stateofmatter', 'life', [])]",animalia,chordata,vertebrata,,aves,,,,galliformes,,,,phasianidae,,,meleagris,,meleagris ocellata,,
WCS Camera Traps,muntiacus muntjak,species,muntiacus muntjak,southern red muntjac,"[(42186, 'species', 'muntiacus muntjak', ['southern red muntjac']), (42185, 'genus', 'muntiacus', ['muntjacs']), (846353, 'tribe', 'muntiacini', ['muntjacs and tufted deer']), (846198, 'subfamily', 'cervinae', ['old world deer']), (42158, 'family', 'cervidae', ['deer']), (424850, 'suborder', 'ruminantia', ['ruminants']), (152870, 'order', 'artiodactyla', ['even-toed ungulates and cetaceans']), (848324, 'superorder', 'laurasiatheria', ['ungulates, carnivorans, and allies']), (848320, 'infraclass', 'placentalia', ['placental mammals']), (848317, 'subclass', 'theria', ['therians']), (40151, 'class', 'mammalia', ['mammals']), (355675, 'subphylum', 'vertebrata', ['vertebrates']), (2, 'phylum', 'chordata', ['chordates']), (1, 'kingdom', 'animalia', ['animals']), (48460, 'stateofmatter', 'life', [])]",animalia,chordata,vertebrata,,mammalia,theria,placentalia,laurasiatheria,artiodactyla,ruminantia,,,cervidae,cervinae,muntiacini,muntiacus,,muntiacus muntjak,,
WCS Camera Traps,nasua narica,species,nasua narica,white-nosed coati,"[(41673, 'species', 'nasua narica', ['white-nosed coati']), (41669, 'genus', 'nasua', ['lowland coatis']), (41660, 'family', 'procyonidae', ['raccoons, coatis, and allies']), (41573, 'order', 'carnivora', ['carnivorans']), (848324, 'superorder', 'laurasiatheria', ['ungulates, carnivorans, and allies']), (848320, 'infraclass', 'placentalia', ['placental mammals']), (848317, 'subclass', 'theria', ['therians']), (40151, 'class', 'mammalia', ['mammals']), (355675, 'subphylum', 'vertebrata', ['vertebrates']), (2, 'phylum', 'chordata', ['chordates']), (1, 'kingdom', 'animalia', ['animals']), (48460, 'stateofmatter', 'life', [])]",animalia,chordata,vertebrata,,mammalia,theria,placentalia,laurasiatheria,carnivora,,,,procyonidae,,,nasua,,nasua narica,,
WCS Camera Traps,odocoileus virginianus,species,odocoileus virginianus,white-tailed deer,"[(42223, 'species', 'odocoileus virginianus', ['white-tailed deer']), (42219, 'genus', 'odocoileus', ['white-tailed and mule deer']), (846324, 'tribe', 'odocoileini', ['true new world deer and caribou']), (846185, 'subfamily', 'capreolinae', ['new world deer']), (42158, 'family', 'cervidae', ['deer']), (424850, 'suborder', 'ruminantia', ['ruminants']), (152870, 'order', 'artiodactyla', ['even-toed ungulates and cetaceans']), (848324, 'superorder', 'laurasiatheria', ['ungulates, carnivorans, and allies']), (848320, 'infraclass', 'placentalia', ['placental mammals']), (848317, 'subclass', 'theria', ['therians']), (40151, 'class', 'mammalia', ['mammals']), (355675, 'subphylum', 'vertebrata', ['vertebrates']), (2, 'phylum', 'chordata', ['chordates']), (1, 'kingdom', 'animalia', ['animals']), (48460, 'stateofmatter', 'life', [])]",animalia,chordata,vertebrata,,mammalia,theria,placentalia,laurasiatheria,artiodactyla,ruminantia,,,cervidae,capreolinae,odocoileini,odocoileus,,odocoileus virginianus,,
WCS Camera Traps,pan troglodytes,species,pan troglodytes,chimpanzee,"[(43577, 'species', 'pan troglodytes', ['chimpanzee']), (43576, 'genus', 'pan', ['chimpanzees']), (846252, 'subfamily', 'homininae', []), (43575, 'family', 'hominidae', ['great apes']), (1036675, 'superfamily', 'hominoidea', ['apes']), (936369, 'parvorder', 'catarrhini', ['apes and old world monkeys']), (936377, 'infraorder', 'simiiformes', ['monkeys and apes']), (786045, 'suborder', 'haplorhini', ['monkeys, apes, and tarsiers']), (43367, 'order', 'primates', ['primates']), (848323, 'superorder', 'euarchontoglires', ['primates, rodents, and allies']), (848320, 'infraclass', 'placentalia', ['placental mammals']), (848317, 'subclass', 'theria', ['therians']), (40151, 'class', 'mammalia', ['mammals']), (355675, 'subphylum', 'vertebrata', ['vertebrates']), (2, 'phylum', 'chordata', ['chordates']), (1, 'kingdom', 'animalia', ['animals']), (48460, 'stateofmatter', 'life', [])]",animalia,chordata,vertebrata,,mammalia,theria,placentalia,euarchontoglires,primates,haplorhini,simiiformes,hominoidea,hominidae,homininae,,pan,,pan troglodytes,,
WCS Camera Traps,panthera onca,species,panthera onca,jaguar,"[(41970, 'species', 'panthera onca', ['jaguar']), (41962, 'genus', 'panthera', ['roaring cats']), (846273, 'subfamily', 'pantherinae', ['big cats']), (41944, 'family', 'felidae', ['felids']), (41573, 'order', 'carnivora', ['carnivorans']), (848324, 'superorder', 'laurasiatheria', ['ungulates, carnivorans, and allies']), (848320, 'infraclass', 'placentalia', ['placental mammals']), (848317, 'subclass', 'theria', ['therians']), (40151, 'class', 'mammalia', ['mammals']), (355675, 'subphylum', 'vertebrata', ['vertebrates']), (2, 'phylum', 'chordata', ['chordates']), (1, 'kingdom', 'animalia', ['animals']), (48460, 'stateofmatter', 'life', [])]",animalia,chordata,vertebrata,,mammalia,theria,placentalia,laurasiatheria,carnivora,,,,felidae,pantherinae,,panthera,,panthera onca,,
WCS Camera Traps,papio anubis,species,papio anubis,olive baboon,"[(74832, 'species', 'papio anubis', ['olive baboon']), (43534, 'genus', 'papio', ['baboons']), (846334, 'tribe', 'papionini', ['baboons, macaques, and mangabeys']), (479424, 'subfamily', 'cercopithecinae', ['cercopithecines']), (43443, 'family', 'cercopithecidae', ['old world monkeys']), (936369, 'parvorder', 'catarrhini', ['apes and old world monkeys']), (936377, 'infraorder', 'simiiformes', ['monkeys and apes']), (786045, 'suborder', 'haplorhini', ['monkeys, apes, and tarsiers']), (43367, 'order', 'primates', ['primates']), (848323, 'superorder', 'euarchontoglires', ['primates, rodents, and allies']), (848320, 'infraclass', 'placentalia', ['placental mammals']), (848317, 'subclass', 'theria', ['therians']), (40151, 'class', 'mammalia', ['mammals']), (355675, 'subphylum', 'vertebrata', ['vertebrates']), (2, 'phylum', 'chordata', ['chordates']), (1, 'kingdom', 'animalia', ['animals']), (48460, 'stateofmatter', 'life', [])]",animalia,chordata,vertebrata,,mammalia,theria,placentalia,euarchontoglires,primates,haplorhini,simiiformes,,cercopithecidae,cercopithecinae,papionini,papio,,papio anubis,,
WCS Camera Traps,pecari tajacu,species,pecari tajacu,collared peccary,"[(42113, 'species', 'pecari tajacu', ['collared peccary']), (42112, 'genus', 'pecari', []), (42111, 'family', 'tayassuidae', ['peccaries']), (848343, 'suborder', 'suina', ['swines and peccaries']), (152870, 'order', 'artiodactyla', ['even-toed ungulates and cetaceans']), (848324, 'superorder', 'laurasiatheria', ['ungulates, carnivorans, and allies']), (848320, 'infraclass', 'placentalia', ['placental mammals']), (848317, 'subclass', 'theria', ['therians']), (40151, 'class', 'mammalia', ['mammals']), (355675, 'subphylum', 'vertebrata', ['vertebrates']), (2, 'phylum', 'chordata', ['chordates']), (1, 'kingdom', 'animalia', ['animals']), (48460, 'stateofmatter', 'life', [])]",animalia,chordata,vertebrata,,mammalia,theria,placentalia,laurasiatheria,artiodactyla,suina,,,tayassuidae,,,pecari,,pecari tajacu,,
WCS Camera Traps,penelope purpurascens,species,penelope purpurascens,crested guan,"[(2062, 'species', 'penelope purpurascens', ['crested guan']), (2059, 'genus', 'penelope', ['typical guans']), (2043, 'family', 'cracidae', ['guans, chachalacas, and curassows']), (573, 'order', 'galliformes', ['landfowl']), (3, 'class', 'aves', ['birds']), (355675, 'subphylum', 'vertebrata', ['vertebrates']), (2, 'phylum', 'chordata', ['chordates']), (1, 'kingdom', 'animalia', ['animals']), (48460, 'stateofmatter', 'life', [])]",animalia,chordata,vertebrata,,aves,,,,galliformes,,,,cracidae,,,penelope,,penelope purpurascens,,
WCS Camera Traps,peromyscus sp,genus,peromyscus,deermice,"[(44349, 'genus', 'peromyscus', ['north american deer mice']), (325775, 'tribe', 'reithrodontomyini', ['harvest and deer mice']), (325776, 'subfamily', 'neotominae', ['north american mice and rats']), (55986, 'family', 'cricetidae', ['hamsters, voles, lemmings, and allies']), (488924, 'superfamily', 'muroidea', ['muroids']), (870778, 'suborder', 'myomorpha', ['mice, rats, and hamsters']), (43698, 'order', 'rodentia', ['rodents']), (848323, 'superorder', 'euarchontoglires', ['primates, rodents, and allies']), (848320, 'infraclass', 'placentalia', ['placental mammals']), (848317, 'subclass', 'theria', ['therians']), (40151, 'class', 'mammalia', ['mammals']), (355675, 'subphylum', 'vertebrata', ['vertebrates']), (2, 'phylum', 'chordata', ['chordates']), (1, 'kingdom', 'animalia', ['animals']), (48460, 'stateofmatter', 'life', [])]",animalia,chordata,vertebrata,,mammalia,theria,placentalia,euarchontoglires,rodentia,myomorpha,,muroidea,cricetidae,neotominae,reithrodontomyini,peromyscus,,,,
WCS Camera Traps,phacochoerus africanus,species,phacochoerus africanus,common warthog,"[(42122, 'species', 'phacochoerus africanus', ['common warthog']), (42121, 'genus', 'phacochoerus', ['warthogs']), (1365632, 'tribe', 'phacochoerini', []), (1365630, 'subfamily', 'suinae', []), (42118, 'family', 'suidae', ['suids']), (848343, 'suborder', 'suina', ['swines and peccaries']), (152870, 'order', 'artiodactyla', ['even-toed ungulates and cetaceans']), (848324, 'superorder', 'laurasiatheria', ['ungulates, carnivorans, and allies']), (848320, 'infraclass', 'placentalia', ['placental mammals']), (848317, 'subclass', 'theria', ['therians']), (40151, 'class', 'mammalia', ['mammals']), (355675, 'subphylum', 'vertebrata', ['vertebrates']), (2, 'phylum', 'chordata', ['chordates']), (1, 'kingdom', 'animalia', ['animals']), (48460, 'stateofmatter', 'life', [])]",animalia,chordata,vertebrata,,mammalia,theria,placentalia,laurasiatheria,artiodactyla,suina,,,suidae,suinae,phacochoerini,phacochoerus,,phacochoerus africanus,,
WCS Camera Traps,potamochoerus larvatus,species,potamochoerus larvatus,bushpig,"[(42138, 'species', 'potamochoerus larvatus', ['bushpig']), (42137, 'genus', 'potamochoerus', ['bushpigs']), (1365633, 'tribe', 'potamochoerini', []), (1365630, 'subfamily', 'suinae', []), (42118, 'family', 'suidae', ['suids']), (848343, 'suborder', 'suina', ['swines and peccaries']), (152870, 'order', 'artiodactyla', ['even-toed ungulates and cetaceans']), (848324, 'superorder', 'laurasiatheria', ['ungulates, carnivorans, and allies']), (848320, 'infraclass', 'placentalia', ['placental mammals']), (848317, 'subclass', 'theria', ['therians']), (40151, 'class', 'mammalia', ['mammals']), (355675, 'subphylum', 'vertebrata', ['vertebrates']), (2, 'phylum', 'chordata', ['chordates']), (1, 'kingdom', 'animalia', ['animals']), (48460, 'stateofmatter', 'life', [])]",animalia,chordata,vertebrata,,mammalia,theria,placentalia,laurasiatheria,artiodactyla,suina,,,suidae,suinae,potamochoerini,potamochoerus,,potamochoerus larvatus,,
WCS Camera Traps,procyon lotor,species,procyon lotor,common raccoon,"[(41663, 'species', 'procyon lotor', ['common raccoon']), (41661, 'genus', 'procyon', ['raccoons']), (41660, 'family', 'procyonidae', ['raccoons, coatis, and allies']), (41573, 'order', 'carnivora', ['carnivorans']), (848324, 'superorder', 'laurasiatheria', ['ungulates, carnivorans, and allies']), (848320, 'infraclass', 'placentalia', ['placental mammals']), (848317, 'subclass', 'theria', ['therians']), (40151, 'class', 'mammalia', ['mammals']), (355675, 'subphylum', 'vertebrata', ['vertebrates']), (2, 'phylum', 'chordata', ['chordates']), (1, 'kingdom', 'animalia', ['animals']), (48460, 'stateofmatter', 'life', [])]",animalia,chordata,vertebrata,,mammalia,theria,placentalia,laurasiatheria,carnivora,,,,procyonidae,,,procyon,,procyon lotor,,
WCS Camera Traps,puma concolor,species,puma concolor,mountain lion,"[(42007, 'species', 'puma concolor', ['mountain lion']), (42006, 'genus', 'puma', []), (846179, 'subfamily', 'felinae', ['small cats']), (41944, 'family', 'felidae', ['felids']), (41573, 'order', 'carnivora', ['carnivorans']), (848324, 'superorder', 'laurasiatheria', ['ungulates, carnivorans, and allies']), (848320, 'infraclass', 'placentalia', ['placental mammals']), (848317, 'subclass', 'theria', ['therians']), (40151, 'class', 'mammalia', ['mammals']), (355675, 'subphylum', 'vertebrata', ['vertebrates']), (2, 'phylum', 'chordata', ['chordates']), (1, 'kingdom', 'animalia', ['animals']), (48460, 'stateofmatter', 'life', [])]",animalia,chordata,vertebrata,,mammalia,theria,placentalia,laurasiatheria,carnivora,,,,felidae,felinae,,puma,,puma concolor,,
WCS Camera Traps,puma yagoroundi,species,herpailurus yagouaroundi,jaguarundi,"[(197781, 'species', 'herpailurus yagouaroundi', ['jaguarundi']), (197783, 'genus', 'herpailurus', []), (846179, 'subfamily', 'felinae', ['small cats']), (41944, 'family', 'felidae', ['felids']), (41573, 'order', 'carnivora', ['carnivorans']), (848324, 'superorder', 'laurasiatheria', ['ungulates, carnivorans, and allies']), (848320, 'infraclass', 'placentalia', ['placental mammals']), (848317, 'subclass', 'theria', ['therians']), (40151, 'class', 'mammalia', ['mammals']), (355675, 'subphylum', 'vertebrata', ['vertebrates']), (2, 'phylum', 'chordata', ['chordates']), (1, 'kingdom', 'animalia', ['animals']), (48460, 'stateofmatter', 'life', [])]",animalia,chordata,vertebrata,,mammalia,theria,placentalia,laurasiatheria,carnivora,,,,felidae,felinae,,herpailurus,,herpailurus yagouaroundi,,
WCS Camera Traps,sciurus sp,genus,sciurus,squirrel,"[(45994, 'genus', 'sciurus', ['tree squirrels']), (339575, 'tribe', 'sciurini', ['typical squirrels']), (332614, 'subfamily', 'sciurinae', ['typical and flying squirrels']), (45933, 'family', 'sciuridae', ['squirrels']), (129411, 'suborder', 'sciuromorpha', ['squirrels, dormice, and mountain beavers']), (43698, 'order', 'rodentia', ['rodents']), (848323, 'superorder', 'euarchontoglires', ['primates, rodents, and allies']), (848320, 'infraclass', 'placentalia', ['placental mammals']), (848317, 'subclass', 'theria', ['therians']), (40151, 'class', 'mammalia', ['mammals']), (355675, 'subphylum', 'vertebrata', ['vertebrates']), (2, 'phylum', 'chordata', ['chordates']), (1, 'kingdom', 'animalia', ['animals']), (48460, 'stateofmatter', 'life', [])]",animalia,chordata,vertebrata,,mammalia,theria,placentalia,euarchontoglires,rodentia,sciuromorpha,,,sciuridae,sciurinae,sciurini,sciurus,,,,
WCS Camera Traps,syncerus caffer,species,syncerus caffer,african buffalo,"[(42405, 'species', 'syncerus caffer', ['african buffalo']), (42404, 'genus', 'syncerus', []), (846321, 'tribe', 'bovini', ['cattle and bison']), (568826, 'subfamily', 'bovinae', ['bovines']), (42241, 'family', 'bovidae', ['bovids']), (424850, 'suborder', 'ruminantia', ['ruminants']), (152870, 'order', 'artiodactyla', ['even-toed ungulates and cetaceans']), (848324, 'superorder', 'laurasiatheria', ['ungulates, carnivorans, and allies']), (848320, 'infraclass', 'placentalia', ['placental mammals']), (848317, 'subclass', 'theria', ['therians']), (40151, 'class', 'mammalia', ['mammals']), (355675, 'subphylum', 'vertebrata', ['vertebrates']), (2, 'phylum', 'chordata', ['chordates']), (1, 'kingdom', 'animalia', ['animals']), (48460, 'stateofmatter', 'life', [])]",animalia,chordata,vertebrata,,mammalia,theria,placentalia,laurasiatheria,artiodactyla,ruminantia,,,bovidae,bovinae,bovini,syncerus,,syncerus caffer,,
WCS Camera Traps,tapirus bairdii,species,tapirus bairdii,baird's tapir,"[(43355, 'species', 'tapirus bairdii', [""baird's tapir""]), (43352, 'genus', 'tapirus', ['tapirs']), (43351, 'family', 'tapiridae', ['tapirs']), (43327, 'order', 'perissodactyla', ['odd-toed ungulates']), (848324, 'superorder', 'laurasiatheria', ['ungulates, carnivorans, and allies']), (848320, 'infraclass', 'placentalia', ['placental mammals']), (848317, 'subclass', 'theria', ['therians']), (40151, 'class', 'mammalia', ['mammals']), (355675, 'subphylum', 'vertebrata', ['vertebrates']), (2, 'phylum', 'chordata', ['chordates']), (1, 'kingdom', 'animalia', ['animals']), (48460, 'stateofmatter', 'life', [])]",animalia,chordata,vertebrata,,mammalia,theria,placentalia,laurasiatheria,perissodactyla,,,,tapiridae,,,tapirus,,tapirus bairdii,,
WCS Camera Traps,tayassu pecari,species,tayassu pecari,white-lipped peccary,"[(42115, 'species', 'tayassu pecari', ['white-lipped peccary']), (42114, 'genus', 'tayassu', []), (42111, 'family', 'tayassuidae', ['peccaries']), (848343, 'suborder', 'suina', ['swines and peccaries']), (152870, 'order', 'artiodactyla', ['even-toed ungulates and cetaceans']), (848324, 'superorder', 'laurasiatheria', ['ungulates, carnivorans, and allies']), (848320, 'infraclass', 'placentalia', ['placental mammals']), (848317, 'subclass', 'theria', ['therians']), (40151, 'class', 'mammalia', ['mammals']), (355675, 'subphylum', 'vertebrata', ['vertebrates']), (2, 'phylum', 'chordata', ['chordates']), (1, 'kingdom', 'animalia', ['animals']), (48460, 'stateofmatter', 'life', [])]",animalia,chordata,vertebrata,,mammalia,theria,placentalia,laurasiatheria,artiodactyla,suina,,,tayassuidae,,,tayassu,,tayassu pecari,,
WCS Camera Traps,tinamus major,species,tinamus major,great tinamou,"[(20672, 'species', 'tinamus major', ['great tinamou']), (20667, 'genus', 'tinamus', ['tinamus tinamous']), (20531, 'family', 'tinamidae', ['tinamous']), (20530, 'order', 'tinamiformes', ['tinamous']), (3, 'class', 'aves', ['birds']), (355675, 'subphylum', 'vertebrata', ['vertebrates']), (2, 'phylum', 'chordata', ['chordates']), (1, 'kingdom', 'animalia', ['animals']), (48460, 'stateofmatter', 'life', [])]",animalia,chordata,vertebrata,,aves,,,,tinamiformes,,,,tinamidae,,,tinamus,,tinamus major,,
WCS Camera Traps,tragelaphus oryx,species,tragelaphus oryx,eland,"[(75192, 'species', 'tragelaphus oryx', ['common eland']), (42337, 'genus', 'tragelaphus', ['spiral-horned antelopes']), (846305, 'tribe', 'tragelaphini', ['spiral-horned antelopes']), (568826, 'subfamily', 'bovinae', ['bovines']), (42241, 'family', 'bovidae', ['bovids']), (424850, 'suborder', 'ruminantia', ['ruminants']), (152870, 'order', 'artiodactyla', ['even-toed ungulates and cetaceans']), (848324, 'superorder', 'laurasiatheria', ['ungulates, carnivorans, and allies']), (848320, 'infraclass', 'placentalia', ['placental mammals']), (848317, 'subclass', 'theria', ['therians']), (40151, 'class', 'mammalia', ['mammals']), (355675, 'subphylum', 'vertebrata', ['vertebrates']), (2, 'phylum', 'chordata', ['chordates']), (1, 'kingdom', 'animalia', ['animals']), (48460, 'stateofmatter', 'life', [])]",animalia,chordata,vertebrata,,mammalia,theria,placentalia,laurasiatheria,artiodactyla,ruminantia,,,bovidae,bovinae,tragelaphini,tragelaphus,,tragelaphus oryx,,
WCS Camera Traps,urocyon cinereoargenteus,species,urocyon cinereoargenteus,gray fox,"[(42076, 'species', 'urocyon cinereoargenteus', ['gray fox']), (42075, 'genus', 'urocyon', ['gray foxes']), (42043, 'family', 'canidae', ['canids']), (41573, 'order', 'carnivora', ['carnivorans']), (848324, 'superorder', 'laurasiatheria', ['ungulates, carnivorans, and allies']), (848320, 'infraclass', 'placentalia', ['placental mammals']), (848317, 'subclass', 'theria', ['therians']), (40151, 'class', 'mammalia', ['mammals']), (355675, 'subphylum', 'vertebrata', ['vertebrates']), (2, 'phylum', 'chordata', ['chordates']), (1, 'kingdom', 'animalia', ['animals']), (48460, 'stateofmatter', 'life', [])]",animalia,chordata,vertebrata,,mammalia,theria,placentalia,laurasiatheria,carnivora,,,,canidae,,,urocyon,,urocyon cinereoargenteus,,
